[
  {
    "id": "56077e99-adb4-40dd-a355-8e68ffa7eb00",
    "data": [
      {
        "text": "Securing Ubiquitous Systems",
        "alias": "level2",
        "meta": "@level2",
        "userDefined": false
      }
    ],
    "isTemplate": false,
    "count": 0
  },
  {
    "id": "7fdd2ef4-ac0c-4a1f-9398-57f02de8575a",
    "data": [
      {
        "text": "Engineering Big Data",
        "alias": "level2",
        "meta": "@level2",
        "userDefined": false
      }
    ],
    "isTemplate": false,
    "count": 0
  },
  {
    "id": "7baf318a-9e9d-4471-8300-a08a13bba9fa",
    "data": [
      {
        "text": "Designing and Managing Products and Platforms",
        "alias": "level2",
        "meta": "@level2",
        "userDefined": false
      }
    ],
    "isTemplate": false,
    "count": 0
  },
  {
    "id": "0ffa831e-a2d2-42c8-adcf-436a869ffcd2",
    "data": [
      {
        "text": "Architecting Smart Systems",
        "alias": "level2",
        "meta": "@level2",
        "userDefined": false
      }
    ],
    "isTemplate": false,
    "count": 0
  },
  {
    "id": "190268bf-f8c5-4abe-a656-590aaebf75db",
    "data": [
      {
        "text": "Architecting Scalable Systems",
        "alias": "level2",
        "meta": "@level2",
        "userDefined": false
      }
    ],
    "isTemplate": false,
    "count": 0
  },
  {
    "id": "45b3cc3a-363e-4fc5-bc99-bbe49257fc30",
    "data": [
      {
        "text": "Intelligent Software Agents",
        "alias": "level2",
        "meta": "@level2",
        "userDefined": false
      }
    ],
    "isTemplate": false,
    "count": 0
  },
  {
    "id": "c25b959f-d998-4cd2-ac01-443b32ca5c2e",
    "data": [
      {
        "text": "Intelligent Sensing Systems",
        "alias": "level2",
        "meta": "@level2",
        "userDefined": false
      }
    ],
    "isTemplate": false,
    "count": 0
  },
  {
    "id": "e449b414-2b08-4ed6-8233-742face8b0b6",
    "data": [
      {
        "text": "Intelligent Robotic Systems",
        "alias": "level2",
        "meta": "@level2",
        "userDefined": false
      }
    ],
    "isTemplate": false,
    "count": 0
  },
  {
    "id": "d6f49663-c18d-46a6-a9e1-e2a9933f33af",
    "data": [
      {
        "text": "Pattern Recognition Systems",
        "alias": "level2",
        "meta": "@level2",
        "userDefined": false
      }
    ],
    "isTemplate": false,
    "count": 0
  },
  {
    "id": "ecf71e73-9bb7-4229-ae46-912a2f5bf464",
    "data": [
      {
        "text": "Intelligent Reasoning Systems",
        "alias": "level2",
        "meta": "@level2",
        "userDefined": false
      }
    ],
    "isTemplate": false,
    "count": 0
  },
  {
    "id": "1363651f-2fe5-4026-bf51-2cb7ffa9b414",
    "data": [
      {
        "text": "Digital Leadership Capstone",
        "alias": "level2",
        "meta": "@level2",
        "userDefined": false
      }
    ],
    "isTemplate": false,
    "count": 0
  },
  {
    "id": "e0b25f15-eb6a-47e4-a294-37541913a72b",
    "data": [
      {
        "text": "Digital Leadership \u0026 People",
        "alias": "level2",
        "meta": "@level2",
        "userDefined": false
      }
    ],
    "isTemplate": false,
    "count": 0
  },
  {
    "id": "6c5a67ed-622e-4e20-b3a5-eec9e3db8a0d",
    "data": [
      {
        "text": "Digital Transformation",
        "alias": "level2",
        "meta": "@level2",
        "userDefined": false
      }
    ],
    "isTemplate": false,
    "count": 0
  },
  {
    "id": "d890c79a-e86d-4bff-bb7b-40b7c078966f",
    "data": [
      {
        "text": "Practice of Digital Business",
        "alias": "level2",
        "meta": "@level2",
        "userDefined": false
      }
    ],
    "isTemplate": false,
    "count": 0
  },
  {
    "id": "f843bfa7-62ab-4075-80ff-656202b4966d",
    "data": [
      {
        "text": "Advanced Predictive Modelling Techniques",
        "alias": "level2",
        "meta": "@level2",
        "userDefined": false
      }
    ],
    "isTemplate": false,
    "count": 0
  },
  {
    "id": "ab4ea71b-2cb7-4d44-bcc1-49cd6e6df764",
    "data": [
      {
        "text": "Practical Language Processing",
        "alias": "level2",
        "meta": "@level2",
        "userDefined": false
      }
    ],
    "isTemplate": false,
    "count": 0
  },
  {
    "id": "2406b08d-fc01-4b5e-98a3-190a679d16a9",
    "data": [
      {
        "text": "Big Data Processing",
        "alias": "level2",
        "meta": "@level2",
        "userDefined": false
      }
    ],
    "isTemplate": false,
    "count": 0
  },
  {
    "id": "dad796d0-8bc0-4d7c-a388-e6780d76cc1a",
    "data": [
      {
        "text": "Customer Analytics",
        "alias": "level2",
        "meta": "@level2",
        "userDefined": false
      }
    ],
    "isTemplate": false,
    "count": 0
  },
  {
    "id": "9660518c-aeb0-4301-a625-c193f8cab0dc",
    "data": [
      {
        "text": "Core Analytics Techniques",
        "alias": "level2",
        "meta": "@level2",
        "userDefined": false
      }
    ],
    "isTemplate": false,
    "count": 0
  },
  {
    "id": "987da19f-4529-45b6-b2e4-88519e5ef1ed",
    "data": [
      {
        "text": "Analytics Project Management and Delivery",
        "alias": "level2",
        "meta": "@level2",
        "userDefined": false
      }
    ],
    "isTemplate": false,
    "count": 0
  },
  {
    "id": "ba5a4fc3-c710-4870-8b6e-3f314a60dd5f",
    "data": [
      {
        "text": "Learning Outcomes",
        "alias": "level2",
        "meta": "@level2",
        "userDefined": false
      }
    ],
    "isTemplate": false,
    "count": 0
  },
  {
    "id": "eab27267-5ff7-4ca4-bb5b-9b3dc6a7b097",
    "data": [
      {
        "text": "Objectives",
        "alias": "level2",
        "meta": "@level2",
        "userDefined": false
      }
    ],
    "isTemplate": false,
    "count": 0
  },
  {
    "id": "7fdd5b61-98db-4c9c-95b7-86fbfc17d72f",
    "data": [
      {
        "text": "Summary",
        "alias": "level2",
        "meta": "@level2",
        "userDefined": false
      }
    ],
    "isTemplate": false,
    "count": 0
  },
  {
    "id": "5ab24c50-9327-4cf1-9860-20367913ea04",
    "data": [
      {
        "text": "Mobile Solution Development",
        "alias": "level2",
        "meta": "@level2",
        "userDefined": false
      }
    ],
    "isTemplate": false,
    "count": 0
  },
  {
    "id": "6444bd4d-9717-4c79-865f-7c5d7aaea144",
    "data": [
      {
        "text": "Project Management",
        "alias": "level2",
        "meta": "@level2",
        "userDefined": false
      }
    ],
    "isTemplate": false,
    "count": 0
  },
  {
    "id": "7d1ad543-0282-4250-ac60-3ba5d46aeb8a",
    "data": [
      {
        "text": "Internet Application Development",
        "alias": "level2",
        "meta": "@level2",
        "userDefined": false
      }
    ],
    "isTemplate": false,
    "count": 0
  },
  {
    "id": "dd7fcecb-c054-4c09-b6bd-b99de310ede6",
    "data": [
      {
        "text": "Full stack Solution Development",
        "alias": "level2",
        "meta": "@level2",
        "userDefined": false
      }
    ],
    "isTemplate": false,
    "count": 0
  },
  {
    "id": "2cf51d8a-2628-4ea1-8b10-21cdc382ce51",
    "data": [
      {
        "text": "Programming - Python Suite",
        "alias": "level2",
        "meta": "@level2",
        "userDefined": false
      }
    ],
    "isTemplate": false,
    "count": 0
  },
  {
    "id": "ef8900d0-b9b9-4659-b362-d7be90f46c73",
    "data": [
      {
        "text": "Programming - Java Suite",
        "alias": "level2",
        "meta": "@level2",
        "userDefined": false
      }
    ],
    "isTemplate": false,
    "count": 0
  },
  {
    "id": "34c82206-461a-4273-843e-b754e394f898",
    "data": [
      {
        "text": "Programming - C# Suite",
        "alias": "level2",
        "meta": "@level2",
        "userDefined": true
      }
    ],
    "isTemplate": false,
    "count": 0
  },
  {
    "id": "1453ad33-98b2-43c8-a25d-13a0f9fc66cb",
    "data": [
      {
        "text": "Databases",
        "alias": "level2",
        "meta": "@level2",
        "userDefined": false
      }
    ],
    "isTemplate": false,
    "count": 0
  },
  {
    "id": "fdeab291-8538-46e7-aef2-8a86dea2139d",
    "data": [
      {
        "text": "Technology",
        "alias": "level2",
        "meta": "@level2",
        "userDefined": false
      }
    ],
    "isTemplate": false,
    "count": 0
  },
  {
    "id": "33ca0e74-48c5-488c-8257-7f7d60a14e40",
    "data": [
      {
        "text": "Methodology",
        "alias": "level2",
        "meta": "@level2",
        "userDefined": false
      }
    ],
    "isTemplate": false,
    "count": 0
  },
  {
    "id": "a4402aaf-1caa-43e2-b690-cefc8ab0a5d5",
    "data": [
      {
        "text": "Non-technical learning outcomes",
        "alias": "level2",
        "meta": "@level2",
        "userDefined": false
      }
    ],
    "isTemplate": false,
    "count": 0
  },
  {
    "id": "863d1e82-aeac-4050-a642-76354f3cfbe9",
    "data": [
      {
        "text": "Technical learning outcomes",
        "alias": "level2",
        "meta": "@level2",
        "userDefined": false
      }
    ],
    "isTemplate": false,
    "count": 0
  },
  {
    "id": "6077de66-656e-4d58-b535-ac362e706d48",
    "data": [
      {
        "text": "Application Deadline",
        "alias": "level2",
        "meta": "@level2",
        "userDefined": false
      }
    ],
    "isTemplate": false,
    "count": 0
  },
  {
    "id": "d02daa29-9807-4b4b-9e13-791b8c73e8fd",
    "data": [
      {
        "text": "Duration",
        "alias": "level2",
        "meta": "@level2",
        "userDefined": false
      }
    ],
    "isTemplate": false,
    "count": 0
  },
  {
    "id": "87068f51-2d7c-4ee1-877d-9cedb5e52656",
    "data": [
      {
        "text": "Next Intake Time",
        "alias": "level2",
        "meta": "@level2",
        "userDefined": false
      }
    ],
    "isTemplate": false,
    "count": 0
  },
  {
    "id": "ea7a29ab-00cb-40df-96ac-4b2ecd06ac94",
    "data": [
      {
        "text": "Purpose",
        "alias": "level2",
        "meta": "@level2",
        "userDefined": false
      }
    ],
    "isTemplate": false,
    "count": 0
  }
]