[
  {
    "value": "Graduate Programmes",
    "synonyms": [
      "Graduate Programmes",
      "graduate program",
      "graduate programme",
      "graduate programs",
      "graduate",
      "gra programe",
      "graduate programe"
    ]
  },
  {
    "value": "Executive Education Programmes",
    "synonyms": [
      "Executive Education Programmes",
      "Executive",
      "Executive Education",
      "Executive Education Program",
      "Executive Education Programs",
      "Executive Educations"
    ]
  },
  {
    "value": "Stackable Certificate Programmes",
    "synonyms": [
      "Stackable Certificate Programmes",
      "Stackable Certificates",
      "Stackable",
      "Stackable Certificate Programme",
      "Stackable Certificate Program",
      "Stackable Certificate Programs"
    ]
  }
]