[
  {
    "value": "Advanced Predictive Modelling Techniques",
    "synonyms": [
      "Advanced Predictive Modelling Techniques"
    ]
  },
  {
    "value": "Analytics Project Management and Delivery",
    "synonyms": [
      "Analytics Project Management and Delivery"
    ]
  },
  {
    "value": "Application Deadline",
    "synonyms": [
      "Application Deadline"
    ]
  },
  {
    "value": "Architecting Scalable Systems",
    "synonyms": [
      "Architecting Scalable Systems"
    ]
  },
  {
    "value": "Architecting Smart Systems",
    "synonyms": [
      "Architecting Smart Systems"
    ]
  },
  {
    "value": "Big Data Processing",
    "synonyms": [
      "Big Data Processing"
    ]
  },
  {
    "value": "Core Analytics Techniques",
    "synonyms": [
      "Core Analytics Techniques"
    ]
  },
  {
    "value": "Customer Analytics",
    "synonyms": [
      "Customer Analytics"
    ]
  },
  {
    "value": "Databases",
    "synonyms": [
      "Databases"
    ]
  },
  {
    "value": "Designing and Managing Products and Platforms",
    "synonyms": [
      "Designing and Managing Products and Platforms"
    ]
  },
  {
    "value": "Digital Leadership \u0026 People",
    "synonyms": [
      "Digital Leadership \u0026 People"
    ]
  },
  {
    "value": "Digital Leadership Capstone",
    "synonyms": [
      "Digital Leadership Capstone"
    ]
  },
  {
    "value": "Digital Transformation",
    "synonyms": [
      "Digital Transformation"
    ]
  },
  {
    "value": "Duration",
    "synonyms": [
      "Duration"
    ]
  },
  {
    "value": "Engineering Big Data",
    "synonyms": [
      "Engineering Big Data"
    ]
  },
  {
    "value": "Full stack Solution Development",
    "synonyms": [
      "Full stack Solution Development"
    ]
  },
  {
    "value": "Intelligent Reasoning Systems",
    "synonyms": [
      "Intelligent Reasoning Systems",
      "Intelligent reasoning system",
      "reasoning system"
    ]
  },
  {
    "value": "Intelligent Robotic Systems",
    "synonyms": [
      "Intelligent Robotic Systems",
      "intellgent robotic system",
      "robotic system"
    ]
  },
  {
    "value": "Intelligent Sensing Systems",
    "synonyms": [
      "Intelligent Sensing Systems",
      "intelligent sensing system",
      "sensing system"
    ]
  },
  {
    "value": "Intelligent Software Agents",
    "synonyms": [
      "Intelligent Software Agents",
      "intelligent software agent",
      "software agent"
    ]
  },
  {
    "value": "Internet Application Development",
    "synonyms": [
      "Internet Application Development"
    ]
  },
  {
    "value": "Learning Outcomes",
    "synonyms": [
      "Learning Outcomes"
    ]
  },
  {
    "value": "Methodology",
    "synonyms": [
      "Methodology"
    ]
  },
  {
    "value": "Mobile Solution Development",
    "synonyms": [
      "Mobile Solution Development"
    ]
  },
  {
    "value": "Next Intake Time",
    "synonyms": [
      "Next Intake Time"
    ]
  },
  {
    "value": "Non-technical learning outcomes",
    "synonyms": [
      "Non-technical learning outcomes",
      "non-technical learning result",
      "non-tech result",
      "non-tech learning"
    ]
  },
  {
    "value": "Objectives",
    "synonyms": [
      "Objectives"
    ]
  },
  {
    "value": "Pattern Recognition Systems",
    "synonyms": [
      "Pattern Recognition Systems",
      "pattern recognition"
    ]
  },
  {
    "value": "Practical Language Processing",
    "synonyms": [
      "Practical Language Processing"
    ]
  },
  {
    "value": "Practice of Digital Business",
    "synonyms": [
      "Practice of Digital Business"
    ]
  },
  {
    "value": "Programming - Java Suite",
    "synonyms": [
      "Programming - Java Suite",
      "Java Suite"
    ]
  },
  {
    "value": "Programming - Python Suite",
    "synonyms": [
      "Programming - Python Suite",
      "Python Suite"
    ]
  },
  {
    "value": "Programming – C# Suite",
    "synonyms": [
      "Programming – C# Suite",
      "C# Suite"
    ]
  },
  {
    "value": "Project Management",
    "synonyms": [
      "Project Management"
    ]
  },
  {
    "value": "Purpose",
    "synonyms": [
      "Purpose"
    ]
  },
  {
    "value": "Securing Ubiquitous Systems",
    "synonyms": [
      "Securing Ubiquitous Systems"
    ]
  },
  {
    "value": "Singaporean",
    "synonyms": [
      "Singaporean"
    ]
  },
  {
    "value": "Summary",
    "synonyms": [
      "Summary"
    ]
  },
  {
    "value": "Technical learning outcomes",
    "synonyms": [
      "Technical learning outcomes",
      "technical learning result",
      "tech result",
      "tech learning"
    ]
  },
  {
    "value": "Technology",
    "synonyms": [
      "Technology"
    ]
  }
]