[
  {
    "value": "Admission \u0026 Application",
    "synonyms": [
      "Admission \u0026 Application",
      "Admission",
      "Application",
      "Requirement",
      "Admission Requirement",
      "Prerequest",
      "Prerequest"
    ]
  },
  {
    "value": "Career Path",
    "synonyms": [
      "Career Path",
      "Career",
      "future job"
    ]
  },
  {
    "value": "Fee \u0026 Loans",
    "synonyms": [
      "Fee \u0026 Loans",
      "Fee",
      "School Fee",
      "loan",
      "subsidy"
    ]
  },
  {
    "value": "Modules",
    "synonyms": [
      "Modules",
      "course",
      "module",
      "class"
    ]
  },
  {
    "value": "Overview",
    "synonyms": [
      "Overview"
    ]
  },
  {
    "value": "Project \u0026 Internship",
    "synonyms": [
      "Project \u0026 Internship",
      "project",
      "internship"
    ]
  }
]